{"stats":{"minecraft:custom":{"minecraft:time_since_rest":21491,"minecraft:interact_with_furnace":3,"minecraft:sprint_one_cm":19393,"minecraft:damage_taken":93,"minecraft:walk_one_cm":38936,"minecraft:damage_dealt":125,"minecraft:swim_one_cm":4427,"minecraft:interact_with_crafting_table":7,"minecraft:fly_one_cm":37721,"minecraft:open_barrel":3,"minecraft:crouch_one_cm":2233,"minecraft:play_time":21491,"minecraft:sneak_time":1095,"minecraft:walk_under_water_one_cm":1310,"minecraft:jump":247,"minecraft:leave_game":1,"minecraft:time_since_death":21491,"minecraft:walk_on_water_one_cm":10820,"minecraft:climb_one_cm":981,"minecraft:total_world_time":21491,"minecraft:fall_one_cm":6331},"minecraft:mined":{"regions_unexplored:mossy_stone":1,"minecraft:andesite":7,"minecraft:crafting_table":2,"minecraft:grass":1,"minecraft:bookshelf":7,"minecraft:oak_log":7,"minecraft:coal_ore":30,"minecraft:dirt":2,"minecraft:tall_grass":1,"minecraft:copper_ore":1,"minecraft:cobblestone":3,"regions_unexplored:medium_grass":2,"minecraft:wither_skeleton_skull":1,"minecraft:damaged_anvil":1,"minecraft:stone":33,"minecraft:sugar_cane":3,"minecraft:wall_torch":3},"minecraft:crafted":{"minecraft:oak_planks":28,"minecraft:cooked_porkchop":1,"minecraft:crafting_table":1,"minecraft:stick":4,"minecraft:stone_pickaxe":1,"minecraft:wooden_pickaxe":1,"minecraft:wooden_axe":1,"minecraft:furnace":1,"minecraft:torch":8,"minecraft:air":0},"minecraft:picked_up":{"minecraft:book":9,"minecraft:stick":4,"minecraft:crafting_table":2,"minecraft:cooked_porkchop":2,"minecraft:andesite":8,"minecraft:torch":4,"minecraft:porkchop":1,"minecraft:oak_log":7,"minecraft:dirt":10,"minecraft:wither_skeleton_skull":1,"minecraft:heavy_weighted_pressure_plate":1,"minecraft:paper":9,"minecraft:mossy_cobblestone":1,"minecraft:moss_carpet":1,"minecraft:raw_copper":5,"minecraft:wheat_seeds":1,"minecraft:granite":1,"minecraft:oak_button":1,"minecraft:damaged_anvil":1,"minecraft:oak_sapling":1,"minecraft:sugar_cane":6,"minecraft:spruce_trapdoor":1,"minecraft:coal":30,"minecraft:cobblestone":40},"minecraft:used":{"minecraft:wooden_axe":16,"minecraft:moss_carpet":1,"minecraft:stone_pickaxe":64,"minecraft:oak_button":1,"minecraft:wooden_pickaxe":15,"minecraft:torch":12,"minecraft:mossy_cobblestone":1,"minecraft:dirt":3,"minecraft:cobblestone":15,"minecraft:crafting_table":3,"minecraft:furnace":1,"minecraft:oak_sapling":1,"minecraft:cooked_porkchop":2,"minecraft:andesite":8,"minecraft:granite":1}},"DataVersion":3465}