{"stats":{"minecraft:custom":{"minecraft:open_barrel":3,"minecraft:time_since_rest":5195,"minecraft:crouch_one_cm":324,"minecraft:play_time":5195,"minecraft:sprint_one_cm":7506,"minecraft:walk_one_cm":8148,"minecraft:sneak_time":105,"minecraft:walk_under_water_one_cm":147,"minecraft:jump":61,"minecraft:damage_dealt":55,"minecraft:walk_on_water_one_cm":488,"minecraft:time_since_death":5195,"minecraft:total_world_time":5195,"minecraft:climb_one_cm":452,"minecraft:swim_one_cm":3569,"minecraft:interact_with_crafting_table":1,"minecraft:fall_one_cm":1523,"minecraft:fly_one_cm":14099},"minecraft:crafted":{"minecraft:oak_planks":28,"minecraft:crafting_table":1,"minecraft:wooden_pickaxe":1,"minecraft:wooden_axe":1},"minecraft:mined":{"minecraft:oak_log":7,"regions_unexplored:medium_grass":2,"regions_unexplored:mossy_stone":1,"minecraft:stone":3,"minecraft:sugar_cane":1,"minecraft:crafting_table":1},"minecraft:picked_up":{"minecraft:crafting_table":1,"minecraft:stick":4,"minecraft:wheat_seeds":1,"minecraft:oak_log":7,"minecraft:oak_sapling":1,"minecraft:moss_carpet":1,"minecraft:mossy_cobblestone":1,"minecraft:cobblestone":3},"minecraft:used":{"minecraft:wooden_axe":3,"minecraft:moss_carpet":1,"minecraft:mossy_cobblestone":1,"minecraft:crafting_table":1,"minecraft:oak_sapling":1,"minecraft:wooden_pickaxe":5}},"DataVersion":3465}