{"stats":{"minecraft:custom":{"minecraft:time_since_rest":4031,"minecraft:sprint_one_cm":13423,"minecraft:damage_taken":85,"minecraft:walk_one_cm":7512,"minecraft:mob_kills":4,"minecraft:damage_dealt":360,"minecraft:interact_with_crafting_table":3,"minecraft:fly_one_cm":19201,"minecraft:open_barrel":3,"minecraft:crouch_one_cm":2830,"minecraft:play_time":4031,"minecraft:sneak_time":501,"minecraft:jump":84,"minecraft:time_since_death":4031,"minecraft:climb_one_cm":450,"minecraft:total_world_time":4031,"minecraft:fall_one_cm":1732},"minecraft:crafted":{"minecraft:crafting_table":1,"minecraft:stick":8,"regions_unexplored:maple_planks":16,"minecraft:wooden_pickaxe":1,"minecraft:stone_pickaxe":1,"minecraft:stone_axe":1},"minecraft:mined":{"regions_unexplored:maple_log":4,"minecraft:barrel":1,"minecraft:crafting_table":1,"minecraft:grass":2,"minecraft:bookshelf":9,"regions_unexplored:maple_leaves":1,"regions_unexplored:medium_grass":4,"gnumus:fragile_gnumus_jug":1,"regions_unexplored:purple_coneflower":2,"minecraft:stone":6},"minecraft:picked_up":{"minecraft:book":27,"minecraft:stick":4,"minecraft:crafting_table":1,"minecraft:sweet_berries":2,"minecraft:porkchop":5,"minecraft:barrel":1,"minecraft:paper":6,"minecraft:raw_copper":1,"gnumus:gnumus_pouch_2":1,"minecraft:apple":1,"minecraft:wheat_seeds":1,"regions_unexplored:maple_log":4,"minecraft:oak_sapling":1,"minecraft:cobblestone":6},"minecraft:killed":{"minecraft:pig":3,"gnumus:pitcher_mousse":1},"minecraft:used":{"minecraft:stone_pickaxe":1,"minecraft:wooden_pickaxe":8,"minecraft:stone_axe":22,"minecraft:crafting_table":1}},"DataVersion":3465}