{"stats":{"minecraft:dropped":{"minecraft:porkchop":1,"minecraft:cooked_porkchop":2},"minecraft:custom":{"minecraft:interact_with_furnace":7,"minecraft:mob_kills":4,"minecraft:interact_with_crafting_table":9,"minecraft:open_barrel":3,"minecraft:leave_game":1,"minecraft:time_since_death":19684,"minecraft:climb_one_cm":979,"minecraft:time_since_rest":19684,"minecraft:sprint_one_cm":26092,"minecraft:damage_taken":276,"minecraft:walk_one_cm":34295,"minecraft:drop":3,"minecraft:damage_dealt":363,"minecraft:swim_one_cm":1543,"minecraft:fly_one_cm":43288,"minecraft:crouch_one_cm":11423,"minecraft:play_time":19684,"minecraft:sneak_time":3242,"minecraft:walk_under_water_one_cm":1851,"minecraft:jump":273,"minecraft:walk_on_water_one_cm":6472,"minecraft:total_world_time":19684,"minecraft:fall_one_cm":6274},"minecraft:crafted":{"minecraft:cooked_porkchop":3,"minecraft:crafting_table":1,"minecraft:spruce_planks":4,"regions_unexplored:maple_planks":16,"minecraft:wooden_pickaxe":1,"minecraft:furnace":1,"minecraft:stone_axe":1,"minecraft:air":0,"minecraft:stick":8,"minecraft:stone_pickaxe":1,"minecraft:torch":12},"minecraft:mined":{"regions_unexplored:maple_log":4,"minecraft:smoker":1,"minecraft:stripped_dark_oak_log":1,"minecraft:crafting_table":2,"minecraft:torch":1,"minecraft:spruce_trapdoor":3,"minecraft:granite":2,"minecraft:tall_grass":2,"regions_unexplored:maple_leaves":1,"regions_unexplored:purple_coneflower":2,"minecraft:damaged_anvil":1,"minecraft:wall_torch":4,"minecraft:birch_planks":4,"minecraft:heavy_weighted_pressure_plate":1,"minecraft:furnace":2,"minecraft:barrel":2,"minecraft:andesite":2,"minecraft:stripped_spruce_log":1,"minecraft:grass":2,"minecraft:bookshelf":14,"minecraft:coal_ore":13,"minecraft:dirt":11,"regions_unexplored:medium_grass":4,"gnumus:fragile_gnumus_jug":1,"minecraft:wither_skeleton_skull":1,"minecraft:stone":27},"minecraft:picked_up":{"minecraft:crafting_table":2,"minecraft:andesite":1,"minecraft:smoker":1,"minecraft:birch_planks":4,"minecraft:wither_skeleton_skull":1,"minecraft:dirt":3,"minecraft:paper":8,"minecraft:raw_copper":1,"gnumus:gnumus_pouch_2":1,"minecraft:apple":1,"minecraft:wheat_seeds":1,"minecraft:spruce_trapdoor":2,"minecraft:furnace":2,"minecraft:book":54,"minecraft:stick":4,"minecraft:cooked_porkchop":1,"minecraft:sweet_berries":2,"minecraft:torch":5,"minecraft:porkchop":6,"minecraft:stripped_spruce_log":1,"minecraft:barrel":2,"minecraft:granite":1,"regions_unexplored:maple_log":4,"minecraft:oak_button":1,"minecraft:oak_sapling":1,"minecraft:damaged_anvil":1,"minecraft:stripped_dark_oak_log":1,"minecraft:coal":46,"minecraft:cobblestone":23},"minecraft:killed":{"minecraft:pig":3,"gnumus:pitcher_mousse":1},"minecraft:used":{"minecraft:damaged_anvil":1,"minecraft:stone_pickaxe":47,"minecraft:spruce_planks":4,"minecraft:wooden_pickaxe":8,"minecraft:torch":7,"minecraft:dirt":1,"minecraft:crafting_table":2,"minecraft:granite":1,"minecraft:apple":1,"minecraft:spruce_trapdoor":2,"minecraft:stone_axe":41,"minecraft:cobblestone":3,"minecraft:sweet_berries":2,"minecraft:furnace":1,"minecraft:cooked_porkchop":2,"minecraft:andesite":1,"alexsmobs:animal_dictionary":1}},"DataVersion":3465}